{
  "owners": [
    {
      "id": 1,
      "name": "Bob"
    },
    {
      "id": 2,
      "name": "Tim"
    },
    {
      "id": 3,
      "name": "Jim"
    }
  ],
  "widgets": [
    {
      "id": 1,
      "name": "Small Red Widget",
      "description": "A small, red widget.",
      "color": "red",
      "size": "medium",
      "quantity": 2,
      "ownerId": 1
    },
    {
      "id": 2,
      "name": "Medium Blue Widget",
      "description": "A medium, blue widget.",
      "color": "blue",
      "size": "medium",
      "quantity": 15,
      "ownerId": 2
    },
    {
      "id": 3,
      "name": "Large Green Widget",
      "description": "A large, green widget.",
      "color": "green",
      "size": "large",
      "quantity": 30,
      "ownerId": 1
    },
    {
      "id": 4,
      "name": "Tiny Orange Widget",
      "description": "A tiny, orange widget.",
      "color": "orange",
      "size": "tiny",
      "quantity": 10,
      "ownerId": 3
    }
  ],
  "people": [
    {
      "firstName": "Bob",
      "lastName": "Smith",
      "age": 34,
      "email": "bob@somedomain.com",
      "phone": "123-123-1234",
      "city": "Mountain View",
      "state": "CA",
      "active": true
    },
    {
      "firstName": "Jenny",
      "lastName": "Thomkins",
      "age": 56,
      "email": "jen@somedomain.com",
      "phone": "123-123-1234",
      "city": "Palo Alto",
      "state": "CA",
      "active": false
    }
  ],
  "authors": [
    {
      "id": 1,
      "firstName": "Jim",
      "lastName": "Smith"
    },
    {
      "id": 2,
      "firstName": "Abby",
      "lastName": "Thompkins"
    },
    {
      "id": 3,
      "firstName": "Tim",
      "lastName": "Jones"
    },
    {
      "id": 4,
      "firstName": "Stuart",
      "lastName": "Little"
    },
    {
      "firstName": "Todd",
      "lastName": "Smalls",
      "id": 5
    }
  ],
  "books": [
    {
      "id": 1,
      "title": "A Time Past",
      "authorId": 1,
      "category": "Romance",
      "price": 9.99
    },
    {
      "id": 2,
      "title": "The Change",
      "authorId": 1,
      "category": "Romance",
      "price": 8.99
    },
    {
      "id": 3,
      "title": "The Golden Palace",
      "authorId": 4,
      "category": "Historical",
      "price": 7.99
    },
    {
      "id": 4,
      "title": "A Friend's Hope",
      "authorId": 1,
      "category": "Inspirational",
      "price": 12.99
    },
    {
      "id": 5,
      "title": "Good Fellows",
      "authorId": 2,
      "category": "Inspirational",
      "price": 4.99
    },
    {
      "id": 6,
      "title": "Forbidden Fellowship",
      "authorId": 2,
      "category": "Romance",
      "price": 5.99
    },
    {
      "id": 7,
      "title": "Crazy People",
      "authorId": 4,
      "category": "Humor",
      "price": 9.99
    },
    {
      "id": 8,
      "title": "Quiet Ones",
      "authorId": 2,
      "category": "Mystery",
      "price": 8.99
    },
    {
      "id": 9,
      "title": "Debating Silence",
      "authorId": 3,
      "category": "Humor",
      "price": 7.99
    },
    {
      "id": 10,
      "title": "Midnight Killer",
      "authorId": 3,
      "category": "Mystery",
      "price": 10.99
    },
    {
      "id": 11,
      "title": "True Crimes",
      "authorId": 3,
      "category": "Mystery",
      "price": 4.99
    },
    {
      "id": 12,
      "title": "History of the Future",
      "authorId": 4,
      "category": "Historical",
      "price": 9.99
    },
    {
      "title": "History of Intuit",
      "category": "Historical",
      "price": 299,
      "authorId": 1,
      "id": 13
    },
    {
      "title": "History of Intuit",
      "category": "Historical",
      "price": 299,
      "authorId": 1,
      "id": 14
    },
    {
      "title": "History of People",
      "category": "Historical",
      "price": 1.99,
      "authorId": 1,
      "id": 15
    },
    {
      "title": "a",
      "category": "a",
      "price": 1,
      "authorId": 1,
      "id": 16
    },
    {
      "title": "a",
      "category": "a",
      "price": 2,
      "authorId": 1,
      "id": 17
    },
    {
      "title": "a",
      "category": "w",
      "price": 3,
      "authorId": 1,
      "id": 18
    },
    {
      "title": "a",
      "category": "w",
      "price": 3,
      "authorId": 1,
      "id": 19
    },
    {
      "title": "a",
      "category": "w",
      "price": 3,
      "authorId": 1,
      "id": 20
    },
    {
      "title": "s",
      "category": "s",
      "price": 2,
      "authorId": 1,
      "id": 21
    }
  ]
}